id,vaccinationratio,populationratio,ratioofratios
India,0.8917298478795755,0.9427446785050988,0.9458869068278201
