id,vaccinateddose1ratio,vaccinateddose2ratio
India,0.30998746268521965,0.08656219530078374
